Cuba,1068585468931956736,2018-11-30 19:20:03,"Felicitaciones de para los profesores, trabajadores y estudiantes de la #UCLV en su aniversario. Universidad nues https://t.co/eYznHHPAuN"
Cuba,1068581789860425728,2018-11-30 19:05:26,Felicidades al querido profesor e ingeniero POPI por su merecido sello CUJAE : HONRAR HONRA! #SomosCuba
Cuba,1068471454839140353,2018-11-30 11:47:00,"Hoy recordamos los hechos del 30 de noviembre de 1956 cuando el pueblo de #Santiago salió a las calles, uniformados https://t.co/HuUuVbACLR"
Cuba,1068121281600512001,2018-11-29 12:35:32,#EEUU niega visas y obstaculiza trabajo de misiones con el propósito de justificar y continuar el retroceso de las https://t.co/kl2OBa8nvA
Cuba,1068118628011130880,2018-11-29 12:25:00,"En #Guantánamo, que todavía conserva las huellas de Martí escalando sus lomas y de #Fidel siguiéndole los pasos, va https://t.co/8I20BNy7or"
Cuba,1068117893991165953,2018-11-29 12:22:05,"Feliz cumpleaños #SilvioRodríguez @citaconsilvio, que le has puesto letra y música a tantas emociones patrias. Quié https://t.co/zl4v81KdEM"
Cuba,1067854510620475392,2018-11-28 18:55:29,"Llegamos a Maisí, la punta más oriental de #Cuba. Bello lugar por su naturaleza y por su gente. Con enorme esfuerzo https://t.co/7GzPkd5LKA"
Cuba,1067828741894660096,2018-11-28 17:13:06,"Compartiendo criterios, preocupaciones, aspiraciones y anhelos con pobladores de #Baracoa. Personas revolucionarias https://t.co/mOGIykVqvQ"
Cuba,1067827841629179904,2018-11-28 17:09:31,"@ariancubans Muchas gracias, aquí estamos"
Cuba,1067826761319112704,2018-11-28 17:05:13,De visita con el #ConsejoDeMinistros en #Guantánamo. Iniciamos el recorrido por la bella ciudad de #Baracoa que se https://t.co/3g4JDJaKKD
Cuba,1067418287062028288,2018-11-27 14:02:05,"Hace 147 años el odio fusiló a la inocencia de 8 jóvenes, alegres y talentosos estudiantes de medicina. Hoy nuestro https://t.co/Em4MUrtKg4"
Cuba,1067150828933271558,2018-11-26 20:19:18,Felicitaciones a Economistas y Contadores. Necesitamos de su talento y aporte para perfeccionar y actualizar nuestr https://t.co/trTs9HSKPD
Cuba,1066787296093958144,2018-11-25 20:14:45,Siempre debió estar con nosotros para recordarnos por qué #Martí y #Fidel insistían en que «toda la gloria del mund https://t.co/E15srxyxrE
Cuba,1066712801945612289,2018-11-25 15:18:45,"#Fidel vive. Lo hemos visto anoche en su entrañable Universidad, transformado en miles. No hay mejor monumento a su https://t.co/4pJHnaXA3E"
Cuba,1066711794834534403,2018-11-25 15:14:45,"Aquí estás, junto a tu #Cuba, hoy el homenaje se viste de agradecimiento, de este país que forjaste con ideas, prin https://t.co/dHjb5Er9ct"
Cuba,1066711420660633600,2018-11-25 15:13:15,"Hoy la cita es obligada con él, el de la Sierra, el de #Cuba, el defensor de las causas justas, el que sonríe, el q https://t.co/iSkOFFbxNw"
Cuba,1066506392561840128,2018-11-25 01:38:33,En la histórica escalinata de la Universidad de La Habana junto a nuestra genuina y revolucionaria juventud rindien https://t.co/3lJ6dME9Tv
Cuba,1066350032633249793,2018-11-24 15:17:14,#Fidel ubicó a #Cuba en un lugar prestigioso en el mundo por su aporte a la teoría y práctica revolucionaria y al d https://t.co/reTnsFb5Sa
Cuba,1066347651510063104,2018-11-24 15:07:46,"#Fidel pensó y organizó la #Revolución, la encabezó, luchó y triunfó; rescató la dignidad al país y forjó una obra https://t.co/hVupUdqxPy"
Cuba,1065973391449038850,2018-11-23 14:20:36,"Dos días de muchas emociones: ayer repasando los aportes de nuestro pueblo a la nueva Constitución. Hoy, abrazando https://t.co/evBg1dTQX0"
Cuba,1065972442437435394,2018-11-23 14:16:49,Muchas felicidades hermano Presidente @NicolasMaduro en tu cumpleaños. Adelante al frente de la #RevolucionBolivariana
Cuba,1065931906691342337,2018-11-23 11:35:45,"Regresan dignos nuestros compatriotas convertidos en #MasQueMedicos porque llegaron a donde nadie llegó, para curar https://t.co/aezOvqrFyQ"
Cuba,1065930002380845056,2018-11-23 11:28:11,"Recibimos en el Palacio de la Revolución al Presidente de España, Pedro Sánchez. Hemos tenido un primer y cordial e https://t.co/gYmRmCVSde"
Cuba,1065682878539927552,2018-11-22 19:06:12,En las primeras horas del viernes comienzan a llegar a la Patria los apóstoles de la salud cubana que son https://t.co/1kmtgJoadE
Cuba,1065368227432275973,2018-11-21 22:15:53,"Felicitaciones a la Dra Miriam Nicado, que acaba de ser nombrada 
Rectora de la Universidad de La Habana. Mujer y m https://t.co/dw1KYGhKIT"
Cuba,1065318836587630592,2018-11-21 18:59:37,Hoy recibimos en el Palacio de la Revolución las cartas credenciales de diez nuevos embajadores. Nuestras relacione https://t.co/nTJ5bAyAMv
Cuba,1065317048702697472,2018-11-21 18:52:31,#MaisQueMedicos Los médicos cubanos fueron a #Brasil a lugares intrincados para cuidar de los enfermos. Lejos de su https://t.co/jVITk8ZlQ4
Cuba,1064988437579739136,2018-11-20 21:06:44,"#MásQueMédicos, héroes de la más altruista de las misiones: salvar vidas humanas. #Cuba los recibirá orgullosa de s https://t.co/mRz0SD1X6d"
Cuba,1064934558418771971,2018-11-20 17:32:38,20 años de una idea humanista sin paralelo: La Escuela Latinoamericana de Medicina. #Fidel definió a sus alumnos co https://t.co/CNAIC4dB3n
Cuba,1064851101843972096,2018-11-20 12:01:01,"Nuestro sentido abrazo a la familia bolivariana que sufre la pérdida de un revolucionario ejemplar, Alí Rodríguez A https://t.co/HFPcpbYZA8"
Cuba,1064570370848694272,2018-11-19 17:25:29,Hoy celebramos el Día de la Cultura Física y el Deporte. En #Cuba es masiva la práctica del deporte. Las glorias qu https://t.co/1BFh9YK8kp
Cuba,1064568334132350976,2018-11-19 17:17:24,"La digna respuesta de nuestros médicos, nos hace recordar cómo #FidelCastro concebía la cooperación cubana en la sa https://t.co/Y2Wr2pQKnV"
Cuba,1064188849033814017,2018-11-18 16:09:27,Muy bien amanecer en #LaHabana500 con el  #Marabana2018. Felicitaciones para los organizadores y participantes. https://t.co/CrtYILavC1
Cuba,1064187914844889088,2018-11-18 16:05:45,#MaisMedicos. El pueblo brasileño agradece y avala el rigor científico y calidad humana de los médicos de #Cuba. El https://t.co/lcj25gkBAy
Cuba,1063879324451962880,2018-11-17 19:39:31,@KeniaRiveron @100CPMDZONA Cual es tu preocupación? Saludos
Cuba,1063856605849104384,2018-11-17 18:09:14,Felicitaciones en #DíaDelEstudiante. Recuerdo de la etapa más feliz de nuestras vidas. La de aprender todos los día https://t.co/9f1TCqQCLm
Cuba,1063769431606730752,2018-11-17 12:22:51,"La dignidad también puede ser fotografiada. Nuestros médicos 
viajan con ella hasta donde no llegan lo enemigos de https://t.co/LJaaSWWrFl"
Cuba,1063405590167334912,2018-11-16 12:17:04,#HastaSiempreComandante. Nuestros médicos regresando dignamente a #Cuba. Ellos fieles al legado del https://t.co/eEC1dUEx6s
Cuba,1062818544436609024,2018-11-14 21:24:21,"@YanoskiUrgelles Con la frente bien en alto, ustedes son un ejemplo insuperable de humanismo y dignidad. Los que pi https://t.co/Hc9lFW0Teg"
Cuba,1062789671070109696,2018-11-14 19:29:37,"#MaisMedicos Con dignidad, profunda sensibilidad, profesionalidad, entrega y  altruismo, los colaboradores cubanos https://t.co/COiLlCelQ6"
Cuba,1062671226131353607,2018-11-14 11:38:58,"Rendimos tributo a uno de los grandes pensadores de la humanidad, Karl Marx, ante su tumba en el cementerio Highgat https://t.co/h9a1IAo2zp"
Cuba,1062670539309961218,2018-11-14 11:36:14,@cubadebate Felicitaciones para el Gran Maestro Chucho Valdés. #SomosCuba
Cuba,1062617001976365056,2018-11-14 08:03:30,@lopezernesto192 @CubacooperaCu Felicitaciones para ustedes que ponen en alto el nombre de #Cuba. Abrazos. #SomosCuba
Cuba,1062509220011167744,2018-11-14 00:55:13,@MinoskaCuba @aparedesrebelde @BoliviaTamara @cronicasdecuba @GimeranezEm @RandyAlonsoFalc @RaulyAyala https://t.co/OdC3RnUZxv
Cuba,1062506025906069504,2018-11-14 00:42:31,"Tuvimos cordial intercambio con el líder del Partido Laborista, Jeremy Corbyn, sobre temas de mutuo  interés. Del p https://t.co/w4eRfL2Sjx"
Cuba,1062504958480838656,2018-11-14 00:38:17,"Diálogo fructífero con miembros de Cámara de los Lores. El bloqueo no puede impedir relaciones en la cultura, la ed https://t.co/Md64Tg1WIT"
Cuba,1062504601683984384,2018-11-14 00:36:52,"Cálida y emocionante recepción de la Baronesa Smith y el Grupo Multipartidista por Cuba en Westminster, sede de amb https://t.co/J1G7wRFn4P"
Cuba,1062368405360119808,2018-11-13 15:35:40,"Excelente reunión de trabajo con Iniciativa #Cuba, que nació de la amistad de la baronesa Lady John y nuestro líder https://t.co/jlO91hDACb"
Cuba,1062113856187756544,2018-11-12 22:44:11,"RT @DiazCanelB: Sostuvimos encuentro con @PhilipHammondUK, Chancellor del #ReinoUnido, quien visitó #Cuba siendo Secretario de Estado para"
Cuba,1062112960238227458,2018-11-12 22:40:37,"Sostuvimos encuentro con @PhilipHammondUK, Chancellor del #ReinoUnido, quien visitó #Cuba siendo Secretario de Esta https://t.co/KGZUytfXzF"
Cuba,1061953296154406912,2018-11-12 12:06:10,@Antonio73592553 Por esta o una carta dirigida a mi nombre al Consejo de Estado. Gracias
Cuba,1061913581317509120,2018-11-12 09:28:21,"En #Urumqi, capital de #Xinjiang, escala técnica. Cálida acogida del Vicepresidente de la provincia, Dr. Zhang Chun https://t.co/jlaFLKvGRc"
Cuba,1061758922229538818,2018-11-11 23:13:48,@ICienciAnimal Gracias por el apoyo #SomosCuba
Cuba,1061758416555773952,2018-11-11 23:11:47,@AuroraFdez19 @silvanouci @marthadelcmv @dellylien1 @frivasoto @nicado3 Felicidades a todos. #SomosCuba
Cuba,1061622861197205506,2018-11-11 14:13:08,@NicolasMaduro Me sumo hermano Presidente @Maduro a esa felicitación por el cumpleaños del hermano comandante https://t.co/gh84oROtrb
Cuba,1061621281047633920,2018-11-11 14:06:52,@damariscruza @universidad_uci Muchas gracias por las felicitaciones. Esa condecoración es de toda #Cuba. Abrazos
Cuba,1061580857905999872,2018-11-11 11:26:14,"#Viengxay, nombre que lleva la gran bailarina nuestra, es tierra sagrada del pueblo de #Laos. Cuna de la unidad mul https://t.co/BYSMSU9rp8"
Cuba,1061579585068941312,2018-11-11 11:21:10,Celebramos en #Laos el 50 aniversario de la Comandancia de las Fuerzas de Liberación nacional. Fue en las legendari https://t.co/eAQ3IlSYk1
Cuba,1061578772397387778,2018-11-11 11:17:57,La profunda espiritualidad asiática cautiva en #Laos. Aquí se nos quiere mucho desde los tiempos de la solidaridad https://t.co/RtzEAy5on8
Cuba,1061578327725666304,2018-11-11 11:16:11,Honrado de ser el primer presidente cubano de visita oficial en Laos. #SomosContinuidad de una amistad que comenzar https://t.co/boe5o0woh1
Cuba,1061266806944514049,2018-11-10 14:38:18,En #CiudadHoChiMinh estamos cerrando nuestra exitosa visita a Vietnam. Cu Chi tocó muy fuerte nuestros sentimientos https://t.co/BncZeXdDgW
Cuba,1061145980471468032,2018-11-10 06:38:11,"Temprano salimos de Hanoi, rumbo a Ciudad Ho Chi Minh, a visitar los asombrosos túneles de Cu Chi, monumento de la https://t.co/Hg5MjFUDHs"
Cuba,1060862894965850112,2018-11-09 11:53:18,Excelentes encuentros con las máximas autoridades vietnamitas. Ratifican voluntad de elevar el nivel de nuestras re https://t.co/AJrrMQmIac
Cuba,1060862157389127680,2018-11-09 11:50:22,"Mucho que aprender de nuestros hermanos vietnamitas, vencedores de guerras, bloqueos y también de las herencias del https://t.co/KOvNBnVNXO"
Cuba,1060573312990904320,2018-11-08 16:42:36,"#China, con sus avances tecnológicos y su apertura al mundo, da confianza en el futuro. Su amistad nos honra y su e https://t.co/KkhZ9NyaLk"
Cuba,1060572417792360448,2018-11-08 16:39:03,"Fructífero e inolvidable encuentro con el Presidente Xi Jinping. Como lo calificó #Fidel, un revolucionario firme y https://t.co/7Ho7hp6H0K"
Cuba,1060365029185409024,2018-11-08 02:54:58,En la mañana delegación de #Cuba rindió tributo a Mao Zedong y a los héroes del pueblo chino. Nuestro compromiso co https://t.co/qk3RQJaPJT
Cuba,1060167001723691008,2018-11-07 13:48:04,"Delegación de #Cuba intercambió con estudiantes cubanos en China, representantes de empresas y organismos y persona https://t.co/eTYLpvcOGa"
Cuba,1060165829445136384,2018-11-07 13:43:25,"De visita en #Beijing sostuvimos importante encuentro con el compañero Wang Yang, Presidente de la Conferencia Cons https://t.co/SSYg7vwAHm"
Cuba,1059805737130582018,2018-11-06 13:52:32,"A la nación que hoy nos despide, después de darnos una acogida cálida e  inolvidable, nos unen fuertes lazos, nacid https://t.co/gUZ53phst4"
Cuba,1059707444916613120,2018-11-06 07:21:57,"#SomosCuba, visitando a los amigos para ratificarles la continuidad de la Revolución y agradecer la solidaridad que https://t.co/px75TQS25e"
Cuba,1059705838326169603,2018-11-06 07:15:34,"La delegación de #Cuba se despide de la hermosa #RepúbicaPopularDemocráticaDeCorea, a la que agradecemos su invaria https://t.co/sWLhgWDn4f"
Cuba,1058896666407854080,2018-11-04 01:40:13,"@alday_com Muchas gracias, también le deseo un buen día. Saludos"
Cuba,1058694673097744384,2018-11-03 12:17:34,"El homenaje de la delegación de #Cuba al genial Lenin, al visitar su mausoleo en la #PlazaRoja en la bella ciudad d https://t.co/Wty7O9eEXB"
Cuba,1058693587347628032,2018-11-03 12:13:15,"Fuimos recibidos por Su Santidad, el Patriarca de la Iglesia Ortodoxa Rusa, quien expresó sus simpatías hacia la https://t.co/nJPa79wLa7"
Cuba,1058691719745728512,2018-11-03 12:05:50,"En el encuentro realizado con el Presidente del Gobierno ruso Dimitri Medvedev, hemos valorado las potencialidades https://t.co/1mAOmIJ2kO"
Cuba,1058372995276783616,2018-11-02 14:59:20,Fuimos cordialmente recibidos por el Presidente Putin y sostuvimos conversaciones oficiales. #Cuba y  #Rusia están https://t.co/ppQpbBNwO2
Cuba,1058299313426784264,2018-11-02 10:06:33,@sanchezceren @CubaMINREX @EmbacubaRusia @ONU_es Gracias hermano Presidente @sanchezceren. Esta victoria es de toda https://t.co/3H7FP6Qtv5
Cuba,1058295731474309120,2018-11-02 09:52:19,"Felicitaciones a nuestros  diplomáticos, dignos hijos del extraordinario pueblo que representan. La verdad  ha derr https://t.co/Mb4TDkZ5sE"
Cuba,1058295189620641792,2018-11-02 09:50:10,"En un importante encuentro con Valentina Ivanovna Matvienko, Presidenta  del Consejo de la Asamblea Federal se real https://t.co/U3lqoqmqvy"
Cuba,1058294929435357184,2018-11-02 09:49:08,Felicidades #Cuba. Hemos derrotado otra vez la criminal política que busca asfixiarnos. 189  vs 2. El mundo está co https://t.co/NznRNKviwX
Cuba,1058265656083255297,2018-11-02 07:52:48,"Cálido y fraternal encuentro con el amigo Guennadi Ziuganov, Presidente del Partido Comunista de la Federación de R https://t.co/0vg18yW3pE"
Cuba,1058264411121508353,2018-11-02 07:47:51,"Sostuvimos un amistoso encuentro con Viacheslav Volodin, Presidente de la Duma Estatal de la Federación de Rusia. S https://t.co/qcmlFZR9u0"
Cuba,1058102171705790464,2018-11-01 21:03:10,"@CUBAH0RA Así mismo nos ocurrió a nosotros al arribar a Moscú. Es que todos somos lo mismo, sencillamente https://t.co/wB8aKbYBdy"
Cuba,1058101493545480192,2018-11-01 21:00:29,"@CUBAONU @ACN_Cuba Tienen toda la razón, hermanas y hermanos, para sentirse felices por esta victoria que dignament https://t.co/sXNYKERYRJ"
Cuba,1058100495611555840,2018-11-01 20:56:31,"@NicolasMaduro Gracias hermano Presidente @NicolasMaduro. Victoria de Cuba, pero también de Venezuela, de los puebl https://t.co/XO1NBr5DLC"
Cuba,1058045299728498688,2018-11-01 17:17:11,"Arribamos a Moscú, capital de la Federación de Rusia, nación de entrañables nexos con Cuba. Nunca olvidaremos que f https://t.co/HQTAcwORB2"
Cuba,1058044295889018880,2018-11-01 17:13:12,Victoria de nuestra #Cuba. Sufren los #EEUU 10 derrotas en una. Los pueblos del mundo votaron por #Cuba porque sabe https://t.co/HSBEJgHc60
Cuba,1057995758539104258,2018-11-01 14:00:20,Más de una treintena de naciones y representantes de grupos y organizaciones multilaterales alzaron sus voces en la https://t.co/BiS9EB9ens
Cuba,1057988010845843456,2018-11-01 13:29:32,"Sostuvimos un cordial encuentro con Audrey Azoulay, Directora General de la UNESCO. Tratamos los temas del trabajo https://t.co/B6BTbdfRiW"
Cuba,1057716852405755912,2018-10-31 19:32:03,"@TareckPSUV Gracias hermano @TareckPSUV, nuestros pueblos revolucionarios en batalla permanente por la emancipación https://t.co/auD669NJIM"
Cuba,1057692510414348289,2018-10-31 17:55:20,"En tránsito hacia la Federacion de Rusia, compartimos con nuestros diplomaticos en #Francia, otra pelea cubana cont https://t.co/TrTbpU5BLM"
Cuba,1057673408920674304,2018-10-31 16:39:25,Gracias a la comunidad internacional por su respaldo a  #Cuba. Orgullo al oír a representantes de otras naciones de https://t.co/A3iwis5yo9
Cuba,1057672451008663554,2018-10-31 16:35:37,"Hemos sostenido un fructífero  encuentro con el Primer Ministro de Francia, Edouard Philippe. Existen perspectivas https://t.co/nflyohtaot"
Cuba,1057405271721627649,2018-10-30 22:53:57,@NicolasMaduro Adelante hermano Presidente @NicolasMaduro. La #RevoluciónBolivariana vencerá. Hoy conmemoramos aniv https://t.co/aXaZataOAK
Cuba,1057404188802646016,2018-10-30 22:49:38,"Sostuvimos encuentro con el Dr. Carreras,  Vicepresidente de la República de Guatemala, quien se encuentra de visit https://t.co/cRKB5dKgcB"
Cuba,1057285920137846784,2018-10-30 14:59:41,@UJCuba @JRDeportes @CanalCaribeCuba @teleSURtv @VideosCubaHoy @cubadebate Junto  a los  jóvenes de #Cuba manifesta https://t.co/3ui5lcZke4
Cuba,1057233245954363392,2018-10-30 11:30:22,"A pesar del #Bloqueo, la hostilidad y las acciones que ejecuta #EstadosUnidos para imponer un cambio de régimen en https://t.co/BsIpDHdmHg"
Cuba,1057087052032942080,2018-10-30 01:49:27,Hemos sostenido conversaciones oficiales con el Presidente Juan Carlos Varela y la delegación que le acompaña. Se r https://t.co/dSeoe7eTB5
Cuba,1056931337465147392,2018-10-29 15:30:42,Inauguramos hoy #FIHAV2018 como expresión de que #SomosContinuidad de las ideas de #FidelCastro. Se ratifica el int https://t.co/P8Koky7kPt
Cuba,1056889459285864448,2018-10-29 12:44:17,@JArielToledo @UCLVCU @CubaMES @josemarimon5 @anamarianpp @mibalbin @AndresDiputado Se honra la #Uclv con tener un https://t.co/lLym5uVa4j
Cuba,1056887020323266560,2018-10-29 12:34:36,"Una cubanísima y gran dama de la canción de #Cuba, nuestra querida Omara Portuondo, cumple años hoy. Para Omara nue https://t.co/dEQf4jxrST"
Cuba,1056874269932732416,2018-10-29 11:43:56,"En las próximas horas, volverá a ponerse a prueba la creatividad de la resistencia cubana. #Cuba librará otra batal https://t.co/6HIt2CxK34"
Cuba,1056868530992439296,2018-10-29 11:21:08,"Emotivo y vibrante concierto de Silvio ayer en Avellaneda, barrio de Buenos Aires con más de 100 mil personas corea https://t.co/alA7rvChek"
Cuba,1056742301614161921,2018-10-29 02:59:32,Hemos inaugurado el XXVI  Festival Internacional de Ballet de #LaHabana. El #BalletNacional de #Cuba cumple 70 años https://t.co/R6dd7oD7bx
Cuba,1056736763471912960,2018-10-29 02:37:32,@leticiadeCuba Muchas gracias. Iguales deseos para ti. #SomosCuba
Cuba,1056736216299790342,2018-10-29 02:35:21,El #BalletNacional de #Cuba y su fiesta bienal son una expresión elevada de la #Cuba que somos. Gracias https://t.co/6yrCHAsfVE
Cuba,1056520733860478977,2018-10-28 12:19:06,"Tal como afirmó el Comandante en Jefe: ""En el pueblo hay muchos Camilos"". Así es nuestro pueblo, así es nuestra juv https://t.co/ncmQzc1895"
Cuba,1056255089512472576,2018-10-27 18:43:32,@juanvaldez84 Le agradecemos su sugerencia. Continuaremos reclamando el fin del injusto y cruel Bloqueo que daña a https://t.co/xeS4TBku06
Cuba,1056253226872463360,2018-10-27 18:36:08,"@radiocienfuegos Muchas gracias por su observación, en la visita se realizaron precisiones sobre este tema con el o https://t.co/UXMKwfY5sN"
Cuba,1056150611484467200,2018-10-27 11:48:22,"A pesar del #Bloqueo, la hostilidad, las maniobras políticas  y las acciones que ejecuta #EEUU para imponer un camb https://t.co/7waZgnwkna"
Cuba,1056140785673031686,2018-10-27 11:09:20,@michaelrogelio @CubaNogueira Gracias amigos. Que bien saber de ustedes. Se les quiere. #SomosCuba
Cuba,1055936258160189445,2018-10-26 21:36:36,"Hermano Presidente @evoespueblo,  recibe desde #Cuba las más sinceras y sentidas felicitaciones en tu cumpleaños. E https://t.co/ihDZ171iqk"
Cuba,1055598505635524608,2018-10-25 23:14:30,Hemos tenido un grato encuentro con la nueva dirección de la Asociación  Hermanos Saíz. Genuinos representantes del https://t.co/kIoyHL4gXD
Cuba,1055521991099404289,2018-10-25 18:10:27,"#EstadosUnidos inicia una nueva maniobra política, con fines propagandísticos contra #Cuba para manipular a la opin https://t.co/aSxOnKx2eq"
Cuba,1055519633304928258,2018-10-25 18:01:05,"Durante la visita del compañero  @sanchezceren, Presidente de #ElSalvador a #Cuba, ratificamos la voluntad política https://t.co/DaknVZzqmT"
Cuba,1055249614192984075,2018-10-25 00:08:08,@UCLVCU @CubaMES @FEUUCLV @AndresDiputado @OsanaUCLV @josemarimon5 @lbolivera73 @VanguardiaCuba @riciber91 https://t.co/vnXcO5IOgF
Cuba,1055080531686240256,2018-10-24 12:56:15,Visita del #ConsejoDeMinistros de #Cuba a la provincia de #Artemisa. Iniciamos el recorrido por la fåbrica de ómnib https://t.co/P7vLlrrPst
Cuba,1055057954230165505,2018-10-24 11:26:32,"Damos la más calurosa bienvenida a nuestra #Cuba al Presidente de #ElSalvador, compañero Salvador Sánchez Cerén. Nu https://t.co/0p141nTPhc"
Cuba,1055052994281000960,2018-10-24 11:06:50,"Felicitaciones a @ONU_es en su 73 aniversario. #Cuba comprometida con los principios de la Carta: igualdad, soberan https://t.co/csxdJFuiHh"
Cuba,1054692491050602496,2018-10-23 11:14:19,@AnaTeresitaGF @CubaMINREX Me sumo a la felicitación por el 45 aniversario del #ESTI. Felicitaciones  al colectivo https://t.co/Laht5ifAkN
Cuba,1054691083387617281,2018-10-23 11:08:44,"Seguiremos reclamando sin descanso, el fin del cruel bloqueo económico, comercial y financiero contra #Cuba y la co https://t.co/pSL2PPiiOP"
Cuba,1054547412973481984,2018-10-23 01:37:50,Estamos en el concierto del  Festival Universitario del Libro y la Literatura en la histórica escalinata de la https://t.co/zDaA5V7FSM
Cuba,1054053683586101254,2018-10-21 16:55:56,"Felicitaciones al colectivo del periódico #JuventudRebelde por su aniversario. Colectivo siempre creativo, innovado https://t.co/8U2jRDQADp"
Cuba,1054052633252712448,2018-10-21 16:51:45,@evoespueblo Tienes toda la razón hermano Presidente #Evo.
Cuba,1054052420383358976,2018-10-21 16:50:55,RT @evoespueblo: EEUU exige condena y sanciones contra las delegaciones de Cuba y Bolivia en #ONU por impedir un acto político anticubano p
Cuba,1053613017122922496,2018-10-20 11:44:53,"Felicidades #Cuba por el día de nuestra cultura. Felicitaciones a nuestros artistas, intelectuales y creadores. Def https://t.co/zGiqnsqajh"
Cuba,1053612148109254661,2018-10-20 11:41:25,"Intelectuales, artistas, periodistas, creadores, acompañarán siempre el empeño de que #Cuba sea reconocida por su m https://t.co/3bOBNIyViK"
Cuba,1053354610050641922,2018-10-19 18:38:04,De visita con el #ConsejoDeMinistros de #Cuba en #Camagüey podemos apreciar el avance en la informatización de la s https://t.co/FXIJEN63a8
Cuba,1053049314388426752,2018-10-18 22:24:55,Estamos de visita con el #ConsejoDeMinistros de #Cuba en la cubanísima tierra del Mayor Ignacio Agramonte. Comparti https://t.co/GgvG4P6VaJ
Cuba,1052911850239746049,2018-10-18 13:18:41,He vivido sentida emoción al compartir con profesores y estudiantes de la Escuela Pedagógica de #CiegoDeÁvila. Bell https://t.co/FMehRARqql
Cuba,1052615414608326657,2018-10-17 17:40:46,"@brandysbcg Estoy de acuerdo y lo estamos tratando de hacer, pero no siempre se tienen los recursos para ello."
Cuba,1052613638874439681,2018-10-17 17:33:42,"@Gallego22503361 Mi cuenta la manejo yo y aquí doy mis criterios, informo de mi agenda y defiendo a mi Patria."
Cuba,1052612838009778176,2018-10-17 17:30:31,@javier6609 Puede utilizar esta vía.
Cuba,1052611020005367808,2018-10-17 17:23:18,@oliverzo_RT Próximamente también estaremos en Facebook.
Cuba,1052568396267708416,2018-10-17 14:33:56,De recorrido con el #ConsejoDeMinistros de #Cuba por la provincia de #CiegodeAvila para evaluar la marcha de los pr https://t.co/mNo797Vgu6
Cuba,1052521641505411074,2018-10-17 11:28:08,Fracasó el show anticubano orquestado por el Departamento de Estado de #EEUU para justificar el #Bloqueo contra https://t.co/QHmhKPeqai
Cuba,1052160639911845888,2018-10-16 11:33:39,Pocos temas suscitan tanto apoyo en la comunidad #Internacional como el llamado a poner fin al #Bloqueo de los https://t.co/Ulz7cKjq6r
Cuba,1052159167673393152,2018-10-16 11:27:48,"Hace hoy 65 años que #Fidel pronunciara su alegato de autodefensa #LaHistoriaMeAbsolverá.
""Los pueblos cuando alcan https://t.co/lzeLa1i2iH"
Cuba,1051812991887450114,2018-10-15 12:32:13,Acude el gobierno de los #EEUU al incremento de la retórica hostil contra #Cuba. Tenemos el derecho soberano de det https://t.co/CXaNL7l4ls
Cuba,1051810933197209602,2018-10-15 12:24:02,"El elemento esencial y definitorio de la relación bilateral entre #Cuba y los #EEUU sigue siendo el #Bloqueo, que p https://t.co/dWXFyaUUXh"
Cuba,1051473940491710464,2018-10-14 14:04:57,"El #Bloqueo a #Cuba daña al pueblo  cubano, pero también, por su agresiva aplicación extraterritorial, atenta contr https://t.co/ak6lcZwgLI"
Cuba,1051471513738723329,2018-10-14 13:55:18,"@AnaTeresitaGF @ONU_es @cubavsbloqueo El #Bloqueo de #EEUU a #Cuba es ilegal, inmoral y violatorio del  Derecho Int https://t.co/w0qBYZ8teN"
Cuba,1051238653371002880,2018-10-13 22:30:00,"#CubaEsCultura. Por una plataforma emancipadora en defensa de nuestra historia, nuestra cultura y nuestra identidad https://t.co/F2WswQobqU"
Cuba,1051104015239585792,2018-10-13 13:35:00,El #Bloqueo de #EEUU contra #Cuba es el sistema de sanciones económicas más abarcador y prolongado que se haya apli https://t.co/Tx7I8HXLyj
Cuba,1050783608385007623,2018-10-12 16:21:49,"RT @trabajadorescu: La edición 26 del Festival Internacional de Ballet de La Habana Alicia Alonso, la más importante cita de su tipo en Amé"
Cuba,1050783459931803650,2018-10-12 16:21:14,RT @Granma_Digital: «Cuando madrugas en calma / mi carne se vuelve alma». Carilda Oliver Labra https://t.co/F2tDe9VAff #Matanzas #Cuba
Cuba,1050783396639719424,2018-10-12 16:20:59,"RT @trabajadorescu: Algunas de las supuestas medidas de apertura del gobierno de Obama nunca se aplicaron, y el bloqueo de los EEUU contra"
Cuba,1050783247309971457,2018-10-12 16:20:23,"RT @ACN_Cuba: A casi 60 años de su imposición, el Bloqueo contra Cuba se recrudece.  A más de 134 mil 499 millones 800 mil dólares se calcu"
Cuba,1050783196617564163,2018-10-12 16:20:11,RT @radiorelojcuba: Afectan restricciones del #bloqueo de #EEUU a pacientes de #Cuba  #NoMasBloqueo #UnblockCuba https://t.co/7cGiT6BKKj
Cuba,1050783128938274821,2018-10-12 16:19:55,"RT @CubaNogueira: Desde el 2017, 179 instituciones #Cuba de diversos sectores quedaron prohibidas las transacciones financieras directas po"
Cuba,1050783019152359424,2018-10-12 16:19:29,"RT @PortalCubasi: ¡Nuestro Presidente @DiazCanelB ya nos sigue en Twitter!
#OrgullososYFelices 
#Cuba https://t.co/MbaNTWimGc"
Cuba,1050782983903502336,2018-10-12 16:19:20,RT @radiorebeldecu: El presidente cubano @DiazCanelB recibió información sobre la situación eléctrica en la Isla de la Juventud tras el pas
Cuba,1050782943449423872,2018-10-12 16:19:10,RT @cubadebate: Díaz-Canel felicita a #Matanzas en #twitter por su 325 Aniversario https://t.co/W8K94eFLei @DiazCanelB #Cuba
Cuba,1050782929276862465,2018-10-12 16:19:07,"RT @JuventudRebelde: Gracias presidente @DiazCanelB por seguirnos, aquí estamos presentes #SomosCuba #SomosContinuidad https://t.co/UaejGTL"
Cuba,1050782871328313344,2018-10-12 16:18:53,"RT @ACN_Cuba: Visita @DiazCanelB el municipio especial de Isla de la Juventud, sitio afectado por el huracán Michael en días recientes. #Po"
Cuba,1050782844459593728,2018-10-12 16:18:47,RT @radiorebeldecu: En la Pesquera de la Isla de la Juventud el presidente cubano @DiazCanelB intercambia sobre la producción y el aporte a
Cuba,1050782792450215939,2018-10-12 16:18:34,"RT @PortalCubasi: Presidente cubano @DiazCanelB felicita a ciudad de Matanzas en su aniversario 325
https://t.co/G8ip1iHxrA https://t.co/Ru"
Cuba,1050782765518610433,2018-10-12 16:18:28,"RT @radiorebeldecu: En estos momentos el Presidente cubano @DiazCanelB recorre el puerto pinero.
 Con @demevilla 

#Cuba #IsladelaJuventud"
Cuba,1050782726234796032,2018-10-12 16:18:19,"RT @NicolasMaduro: Hace 160 años nació en el estado Táchira, el Gral. Cipriano Castro, patriota y líder de la Revolución Liberal Restaurado"
Cuba,1050782679568932866,2018-10-12 16:18:08,RT @Granma_Digital: El aniversario 325 será sin dudas un capítulo esencial en la historia de #Matanzas. Marcará un antes y un después. #Cub
Cuba,1050782623377883137,2018-10-12 16:17:54,RT @radiorelojcuba: Trabajadores de Radio Reloj analizan Proyecto de Constitución (+Fotos) - Desde #Cuba la #Noticia en #1Minuto https://t.
Cuba,1050782584698019841,2018-10-12 16:17:45,RT @JuventudRebelde: #Cuba Presidente cubano  @DiazCanelB examinó medidas para atender la dinámica demográfica https://t.co/gRo5GCjLM4 http
Cuba,1050782500468023296,2018-10-12 16:17:25,"RT @radiorebeldecu: El presidente @DiazCanelB está en @Twitter, ahora, queda que el gobierno a través de redes sociales se extienda a otras"
Cuba,1050781950628237314,2018-10-12 16:15:14,"RT @CUBAH0RA: Desde fuente directa, el perfil del propio presidente @DiazCanelB, @CUBAH0RA está al tanto de la #gestióndegobierno en #Cuba."
Cuba,1050781888464506880,2018-10-12 16:14:59,"RT @cubadebate: #EnTuMóvil Tercer Congreso de la AHS, hoy en la Mesa Redonda https://t.co/hiQAwJAarE @mesaredondacuba @RandyAlonsoFalc"
Cuba,1050781769383993346,2018-10-12 16:14:31,RT @con2qsequieran: Querid@s tod@s! Hoy estreno nuestro canal de #YouTube: Amaury Pérez-Con dos que se quieran https://t.co/cNvd3nHSd8  en
Cuba,1050781684935864321,2018-10-12 16:14:10,RT @JuventudRebelde: Bolivia espera de Chile diálogo «con altura» https://t.co/EaeG4pwLZd https://t.co/YfMqG8BOYY
Cuba,1050781642615349248,2018-10-12 16:14:00,"RT @JuventudRebelde: #Cuba El cumpleaños 325 de la Ciudad de los Puentes no es la meta, sino el  punto de partida, asegura Leonel Pérez Oro"
Cuba,1050781626802860033,2018-10-12 16:13:57,RT @cubadebate: #InterésEnElMundo: Iberostar estrenará nuevo hotel cinco estrellas en #Cuba https://t.co/NsLrgn7ZKT @ahoracu #Holguin
Cuba,1050781553670938630,2018-10-12 16:13:39,RT @cubadebate: #InterésEnCuba: Rescatan a astronautas de la nave Soyuz luego de aterrizaje de emergencia (+... https://t.co/LFFHtv7FT3
Cuba,1050781518791147522,2018-10-12 16:13:31,RT @radiorelojcuba: El #bloqueo impuesto por #EEUU a #Cuba restringe el desarrollo de las competencias laborales de los profesionales del s
Cuba,1050781474520223744,2018-10-12 16:13:20,RT @cubadebate: #InterésEnCuba: Con 2 que se quieran de la televisión a YouTube (+ Videos) https://t.co/eM2IPhuoXM @C2QSQ #Cuba
Cuba,1050781442047913984,2018-10-12 16:13:13,RT @radiorelojcuba: Mi Constitución cuenta - Desde #Cuba la #Noticia en #1Minuto https://t.co/NHVPOUyXcd
Cuba,1050781378353205248,2018-10-12 16:12:57,RT @radiorelojcuba: El #bloqueo impuesto por #EEUU a #Cuba restringe el desarrollo de las competencias laborales de los profesionales del s
Cuba,1050781342475198467,2018-10-12 16:12:49,RT @cubadebate: #MovidaEnFacebook: ¿Cómo se engendró el monstruo Bolsonaro? https://t.co/I8I9JWRd1Z #Brasil
Cuba,1050781310913052674,2018-10-12 16:12:41,RT @MMedina_Glez: #12oct Metting with President Francisco Guterres Lu Olo: The relations between #Cuba and Timor-Leste have great potential
Cuba,1050781267166457856,2018-10-12 16:12:31,"RT @radiorelojcuba: El #bloqueo frena desarrollo de #Cuba, denuncia economista  #NoMasBloqueo  https://t.co/e3efNX77Ma  #UnblockCuba RT"
Cuba,1050781196555304960,2018-10-12 16:12:14,"RT @CUBAONU: Vea:
https://t.co/1LTBNvgfIT NP: Bloqueo #EEUU a #Cuba limita derecho de los cubanos al desarrollo y el acceso a mercados te"
Cuba,1050781151483359234,2018-10-12 16:12:03,"RT @radiorebeldecu: En @HrRebelde
https://t.co/0gVOOhHqsx"
Cuba,1050781125835190272,2018-10-12 16:11:57,"RT @embacubajapon: Delegación del @citmacuba de visita en #Japón fue recibida por el Ministro de Educación, Cultura, Deportes, Ciencia y Te"
Cuba,1050781087063003136,2018-10-12 16:11:48,RT @FerminQuinones: Inicia en ANEC  audiencia pública Comisión Asuntos Económicos ANPP #Cuba contra el #bloqueo #NoMásBloqueo @cubavsbloque
Cuba,1050780993462956032,2018-10-12 16:11:26,RT @JuventudRebelde: Usain Bolt marcó sus primeros dos goles con los Central Coast Mariners @JRDeportes https://t.co/fcDqQoz084
Cuba,1050780955890339842,2018-10-12 16:11:17,RT @radiorelojcuba: Concluye visita a Francia vicepresidenta del parlamento cubano - Desde #Cuba la #Noticia en #1Minuto https://t.co/VyEAP
Cuba,1050780922583375872,2018-10-12 16:11:09,RT @ANEC_Cuba: ¿Si el #bloqueo también se basa en la Ley de Comercio con el Enemigo se debe interpretar como tal a los niños enfermos del c
Cuba,1050780890052395010,2018-10-12 16:11:01,RT @mariobatista98: La @universidad_uci dice #YoVotovsBloqueo  #UCIvsBloqueo @cubavsbloqueo........ Bloqueo : el Genocidio mas largo de la
Cuba,1050780826651303937,2018-10-12 16:10:46,RT @cubadebate: Aniversario 325: #Matanzas para ti https://t.co/Tg914PBPKw #Cuba
Cuba,1050780776709664769,2018-10-12 16:10:34,"RT @MMedina_Glez: #12Oct Emotivo intercambio con nuestros colaboradores de la salud que prestan servicio en Timor Leste @embacubatimor1, qu"
Cuba,1050780742228303874,2018-10-12 16:10:26,"RT @trabajadorescu: #XXICongresoCTC En foro debate on-line el lunes 15 de octubre, de 10 a.m. a 12 m. se expondrán las tendencias manifesta"
Cuba,1050780696904695808,2018-10-12 16:10:15,RT @radiorebeldecu: https://t.co/JKuAsh2b50
Cuba,1050780621159714817,2018-10-12 16:09:57,"RT @Granma_Digital: #PinardelRío: A solo tres días del paso del huracán #Michael, más del 90 % de los clientes de Vueltabajo ya tienen serv"
Cuba,1050780610015449088,2018-10-12 16:09:54,"RT @NicolasMaduro: Un día como hoy, hace 15 años, nació la Misión Guaicaipuro de la mano del Comandante Chávez, con el objetivo de garantiz"
Cuba,1050780553216188416,2018-10-12 16:09:41,"RT @NicolasMaduro: Conmemoramos el Día de la Resistencia Indígena reivindicando la memoria de nuestros ancestros, víctimas del mayor genoci"
Cuba,1050780526565572608,2018-10-12 16:09:34,RT @radiorebeldecu: Presidente cubano @DiazCanelB en el municipio especial de la Isla de la Juventud. Constata ahora impacto de Michael en
Cuba,1050780406864318468,2018-10-12 16:09:06,"RT @evoespueblo: Los bolivianos piden continuar con los grandes cambios, por eso queremos seguir por el camino correcto de la victoria, de"
Cuba,1050780297510285313,2018-10-12 16:08:40,"RT @NicolasMaduro: En el marco del Programa de Recuperación Económica, pido el apoyo de la Clase Obrera para el éxito del plan de Ahorro en"
Cuba,1050780246482608128,2018-10-12 16:08:27,"RT @evoespueblo: Como hoy, 1492, Cristóbal Colón llegó a América por primera vez. Después de él llegaron los invasores españoles para saque"
Cuba,1050780206510862337,2018-10-12 16:08:18,RT @JuventudRebelde: La salud mental de miles de jóvenes en el mundo se ve amenazada por  tabúes y silencios incómodos. Conozca datos y est
Cuba,1050780166253875200,2018-10-12 16:08:08,RT @lellanagr91: Los  trabajadores de empresas y organismos en Pinar del Río prosiguen HOY la recuperación de los daños ocasionados por el
Cuba,1050780125300711425,2018-10-12 16:07:59,"RT @radiorelojcuba: En marcha Programa Integral de Rehabilitación de #Trinidad, #Cuba https://t.co/d05TyMrUj3 https://t.co/KzVZ4YNJdN"
Cuba,1050741287975030784,2018-10-12 13:33:39,"Estamos en la #IslaDeLaJuventud, territorio en recuperación de los daños del #HuracánMichael. Se ha trabajado fuert https://t.co/JPtQQGWhr0"
Cuba,1050720766940143616,2018-10-12 12:12:06,"#Matanzas, bella y cubanísima ciudad llega reanimada a su #Aniversario325. Felicitaciones a todos, matanceras y mat https://t.co/kMQHfAuYGW"
Cuba,1050479236794998784,2018-10-11 20:12:21,"@PrensaPEsquivel Amigo Pérez Esquivel, gracias por el apoyo, seguiremos junto al pueblo de Cuba enfrentando los des https://t.co/zGAl1iT0ul"
Cuba,1050464540322910213,2018-10-11 19:13:57,"@evoespueblo Gracias hermano presidente @evoespueblo por el apoyo, en esta trinchera juntos defenderemos la verdad, https://t.co/rYT17cJ9AX"
Cuba,1050463577897914369,2018-10-11 19:10:08,"@NicolasMaduro Hermano presidente @NicolasMaduro, gracias por el apoyo y juntos seguiremos en la batalla comunicaci https://t.co/tG7WlybGEl"
Cuba,1050397743523524609,2018-10-11 14:48:32,"Estamos en #Batabanó, territorio que se recupera de las afectaciones del #HuracánMichael; lugar donde tenemos mucho https://t.co/0f8lX7hY8H"
Cuba,1050091265122021377,2018-10-10 18:30:42,Estamos en Pinar del Río donde prima la solidaridad humana y el empeño en la recuperación de las afectaciones del https://t.co/pVXMRPT0TH
Cuba,1050018541779472384,2018-10-10 13:41:43,"Muchas gracias a todos los seguidores por el apoyo. #SomosCuba, #SomosContinuidad"
Cuba,1049988462303174656,2018-10-10 11:42:11,"Estamos en #LaDemajagua, el lugar donde con mayor suma de sentimientos patrios #SomosCuba y #SomosContinuidad https://t.co/YA6aUGT9pn"
